Ford Transit,$ 5 264,https://im.mashina.kg/tachka/images//a/8/f/a8f2f2aab4b22191a5e7d071e9584cc6_240x180.jpg
Scania Туристический,$ 36 000,https://im.mashina.kg/tachka/images//e/2/3/e2345a851e7441569948157a844f89d2_240x180.jpg
Hyundai Porter,$ 6 964,https://im.mashina.kg/tachka/images//0/0/e/00e94b98eeac9cc08fa9ce9308a322dd_240x180.jpg
Mercedes-Benz Бортовой (6х2),$ 7 544,https://im.mashina.kg/tachka/images//5/2/2/522c4160755853edeb5fa54ce90ff98a_240x180.jpg
Mercedes-Benz Sprinter,$ 12 500,https://im.mashina.kg/tachka/images//b/8/f/b8f47e47348994840ea403caef298609_240x180.jpg
Ford Transit,$ 5 264,https://im.mashina.kg/tachka/images//a/8/f/a8f2f2aab4b22191a5e7d071e9584cc6_240x180.jpg
Scania Туристический,$ 36 000,https://im.mashina.kg/tachka/images//e/2/3/e2345a851e7441569948157a844f89d2_240x180.jpg
Hyundai Porter,$ 6 964,https://im.mashina.kg/tachka/images//0/0/e/00e94b98eeac9cc08fa9ce9308a322dd_240x180.jpg
Mercedes-Benz Бортовой (6х2),$ 7 544,https://im.mashina.kg/tachka/images//5/2/2/522c4160755853edeb5fa54ce90ff98a_240x180.jpg
Mercedes-Benz Sprinter,$ 12 500,https://im.mashina.kg/tachka/images//b/8/f/b8f47e47348994840ea403caef298609_240x180.jpg
Ford Transit,$ 5 264,https://im.mashina.kg/tachka/images//a/8/f/a8f2f2aab4b22191a5e7d071e9584cc6_240x180.jpg
Scania Туристический,$ 36 000,https://im.mashina.kg/tachka/images//e/2/3/e2345a851e7441569948157a844f89d2_240x180.jpg
Hyundai Porter,$ 6 964,https://im.mashina.kg/tachka/images//0/0/e/00e94b98eeac9cc08fa9ce9308a322dd_240x180.jpg
Mercedes-Benz Бортовой (6х2),$ 7 544,https://im.mashina.kg/tachka/images//5/2/2/522c4160755853edeb5fa54ce90ff98a_240x180.jpg
Mercedes-Benz Sprinter,$ 12 500,https://im.mashina.kg/tachka/images//b/8/f/b8f47e47348994840ea403caef298609_240x180.jpg
Ford Transit,$ 5 264,https://im.mashina.kg/tachka/images//a/8/f/a8f2f2aab4b22191a5e7d071e9584cc6_240x180.jpg
Scania Туристический,$ 36 000,https://im.mashina.kg/tachka/images//e/2/3/e2345a851e7441569948157a844f89d2_240x180.jpg
Hyundai Porter,$ 6 964,https://im.mashina.kg/tachka/images//0/0/e/00e94b98eeac9cc08fa9ce9308a322dd_240x180.jpg
Mercedes-Benz Бортовой (6х2),$ 7 544,https://im.mashina.kg/tachka/images//5/2/2/522c4160755853edeb5fa54ce90ff98a_240x180.jpg
Mercedes-Benz Sprinter,$ 12 500,https://im.mashina.kg/tachka/images//b/8/f/b8f47e47348994840ea403caef298609_240x180.jpg
Ford Transit,$ 5 264,https://im.mashina.kg/tachka/images//a/8/f/a8f2f2aab4b22191a5e7d071e9584cc6_240x180.jpg
Scania Туристический,$ 36 000,https://im.mashina.kg/tachka/images//e/2/3/e2345a851e7441569948157a844f89d2_240x180.jpg
Hyundai Porter,$ 6 964,https://im.mashina.kg/tachka/images//0/0/e/00e94b98eeac9cc08fa9ce9308a322dd_240x180.jpg
Mercedes-Benz Бортовой (6х2),$ 7 544,https://im.mashina.kg/tachka/images//5/2/2/522c4160755853edeb5fa54ce90ff98a_240x180.jpg
Mercedes-Benz Sprinter,$ 12 500,https://im.mashina.kg/tachka/images//b/8/f/b8f47e47348994840ea403caef298609_240x180.jpg
Ford Transit,$ 5 264,https://im.mashina.kg/tachka/images//a/8/f/a8f2f2aab4b22191a5e7d071e9584cc6_240x180.jpg
Scania Туристический,$ 36 000,https://im.mashina.kg/tachka/images//e/2/3/e2345a851e7441569948157a844f89d2_240x180.jpg
Hyundai Porter,$ 6 964,https://im.mashina.kg/tachka/images//0/0/e/00e94b98eeac9cc08fa9ce9308a322dd_240x180.jpg
Mercedes-Benz Бортовой (6х2),$ 7 544,https://im.mashina.kg/tachka/images//5/2/2/522c4160755853edeb5fa54ce90ff98a_240x180.jpg
Mercedes-Benz Sprinter,$ 12 500,https://im.mashina.kg/tachka/images//b/8/f/b8f47e47348994840ea403caef298609_240x180.jpg
Ford Transit,$ 5 264,https://im.mashina.kg/tachka/images//a/8/f/a8f2f2aab4b22191a5e7d071e9584cc6_240x180.jpg
Scania Туристический,$ 36 000,https://im.mashina.kg/tachka/images//e/2/3/e2345a851e7441569948157a844f89d2_240x180.jpg
Hyundai Porter,$ 6 964,https://im.mashina.kg/tachka/images//0/0/e/00e94b98eeac9cc08fa9ce9308a322dd_240x180.jpg
Mercedes-Benz Бортовой (6х2),$ 7 544,https://im.mashina.kg/tachka/images//5/2/2/522c4160755853edeb5fa54ce90ff98a_240x180.jpg
Mercedes-Benz Sprinter,$ 12 500,https://im.mashina.kg/tachka/images//b/8/f/b8f47e47348994840ea403caef298609_240x180.jpg
Mercedes-Benz Бортовой (4х2),$ 5 800,https://im.mashina.kg/tachka/images//0/5/2/052e53e911bf25fcd7cff7bc1a1784e8_240x180.jpg,"1993 г., 2.3 л., механика"
Mercedes-Benz Междугородный,$ 9 285,https://im.mashina.kg/tachka/images//c/8/5/c8511cdb9e9c17ae30508a68636fdcbf_240x180.jpg,"2008 г., 2.2 л., механика"
Mercedes-Benz Бортовой (4х4),$ 11 000,https://im.mashina.kg/tachka/images//2/1/8/21825568928aece2b07fb1e9b5962079_240x180.jpg,"2004 г., 2.2 л., механика"
ЗИЛ 5301,$ 3 250,https://im.mashina.kg/tachka/images//5/8/0/580d5b19fc249b5e43b92515e03acdd6_240x180.jpg,"1998 г., 4.7 л., механика"
Ford Transit,$ 4 643,https://im.mashina.kg/tachka/images//4/f/3/4f3446ab95bc5a1d9435b01ff10622b3_240x180.jpg,"2007 г., 2.4 л., механика"
Mercedes-Benz Бортовой (4х2),$ 5 800,https://im.mashina.kg/tachka/images//0/5/2/052e53e911bf25fcd7cff7bc1a1784e8_240x180.jpg,"1993 г., 2.3 л., механика"
Mercedes-Benz Междугородный,$ 9 285,https://im.mashina.kg/tachka/images//c/8/5/c8511cdb9e9c17ae30508a68636fdcbf_240x180.jpg,"2008 г., 2.2 л., механика"
Mercedes-Benz Бортовой (4х4),$ 11 000,https://im.mashina.kg/tachka/images//2/1/8/21825568928aece2b07fb1e9b5962079_240x180.jpg,"2004 г., 2.2 л., механика"
ЗИЛ 5301,$ 3 250,https://im.mashina.kg/tachka/images//5/8/0/580d5b19fc249b5e43b92515e03acdd6_240x180.jpg,"1998 г., 4.7 л., механика"
Ford Transit,$ 4 643,https://im.mashina.kg/tachka/images//4/f/3/4f3446ab95bc5a1d9435b01ff10622b3_240x180.jpg,"2007 г., 2.4 л., механика"
Mercedes-Benz Бортовой (4х2),$ 5 800,https://im.mashina.kg/tachka/images//0/5/2/052e53e911bf25fcd7cff7bc1a1784e8_240x180.jpg,"1993 г., 2.3 л., механика"
Mercedes-Benz Междугородный,$ 9 285,https://im.mashina.kg/tachka/images//c/8/5/c8511cdb9e9c17ae30508a68636fdcbf_240x180.jpg,"2008 г., 2.2 л., механика"
Mercedes-Benz Бортовой (4х4),$ 11 000,https://im.mashina.kg/tachka/images//2/1/8/21825568928aece2b07fb1e9b5962079_240x180.jpg,"2004 г., 2.2 л., механика"
ЗИЛ 5301,$ 3 250,https://im.mashina.kg/tachka/images//5/8/0/580d5b19fc249b5e43b92515e03acdd6_240x180.jpg,"1998 г., 4.7 л., механика"
Ford Transit,$ 4 643,https://im.mashina.kg/tachka/images//4/f/3/4f3446ab95bc5a1d9435b01ff10622b3_240x180.jpg,"2007 г., 2.4 л., механика"
Mercedes-Benz Бортовой (4х2),$ 5 800,https://im.mashina.kg/tachka/images//0/5/2/052e53e911bf25fcd7cff7bc1a1784e8_240x180.jpg,"1993 г., 2.3 л., механика"
Mercedes-Benz Междугородный,$ 9 285,https://im.mashina.kg/tachka/images//c/8/5/c8511cdb9e9c17ae30508a68636fdcbf_240x180.jpg,"2008 г., 2.2 л., механика"
Mercedes-Benz Бортовой (4х4),$ 11 000,https://im.mashina.kg/tachka/images//2/1/8/21825568928aece2b07fb1e9b5962079_240x180.jpg,"2004 г., 2.2 л., механика"
ЗИЛ 5301,$ 3 250,https://im.mashina.kg/tachka/images//5/8/0/580d5b19fc249b5e43b92515e03acdd6_240x180.jpg,"1998 г., 4.7 л., механика"
Ford Transit,$ 4 643,https://im.mashina.kg/tachka/images//4/f/3/4f3446ab95bc5a1d9435b01ff10622b3_240x180.jpg,"2007 г., 2.4 л., механика"
Mercedes-Benz Бортовой (4х2),$ 5 800,https://im.mashina.kg/tachka/images//0/5/2/052e53e911bf25fcd7cff7bc1a1784e8_240x180.jpg,"1993 г., 2.3 л., механика"
Mercedes-Benz Междугородный,$ 9 285,https://im.mashina.kg/tachka/images//c/8/5/c8511cdb9e9c17ae30508a68636fdcbf_240x180.jpg,"2008 г., 2.2 л., механика"
Mercedes-Benz Бортовой (4х4),$ 11 000,https://im.mashina.kg/tachka/images//2/1/8/21825568928aece2b07fb1e9b5962079_240x180.jpg,"2004 г., 2.2 л., механика"
ЗИЛ 5301,$ 3 250,https://im.mashina.kg/tachka/images//5/8/0/580d5b19fc249b5e43b92515e03acdd6_240x180.jpg,"1998 г., 4.7 л., механика"
Ford Transit,$ 4 643,https://im.mashina.kg/tachka/images//4/f/3/4f3446ab95bc5a1d9435b01ff10622b3_240x180.jpg,"2007 г., 2.4 л., механика"
Mercedes-Benz Бортовой (4х2),$ 5 800,https://im.mashina.kg/tachka/images//0/5/2/052e53e911bf25fcd7cff7bc1a1784e8_240x180.jpg,"1993 г., 2.3 л., механика"
Mercedes-Benz Междугородный,$ 9 285,https://im.mashina.kg/tachka/images//c/8/5/c8511cdb9e9c17ae30508a68636fdcbf_240x180.jpg,"2008 г., 2.2 л., механика"
Mercedes-Benz Бортовой (4х4),$ 11 000,https://im.mashina.kg/tachka/images//2/1/8/21825568928aece2b07fb1e9b5962079_240x180.jpg,"2004 г., 2.2 л., механика"
ЗИЛ 5301,$ 3 250,https://im.mashina.kg/tachka/images//5/8/0/580d5b19fc249b5e43b92515e03acdd6_240x180.jpg,"1998 г., 4.7 л., механика"
Ford Transit,$ 4 643,https://im.mashina.kg/tachka/images//4/f/3/4f3446ab95bc5a1d9435b01ff10622b3_240x180.jpg,"2007 г., 2.4 л., механика"
Mercedes-Benz Бортовой (4х2),$ 5 800,https://im.mashina.kg/tachka/images//0/5/2/052e53e911bf25fcd7cff7bc1a1784e8_240x180.jpg,"1993 г., 2.3 л., механика"
Mercedes-Benz Междугородный,$ 9 285,https://im.mashina.kg/tachka/images//c/8/5/c8511cdb9e9c17ae30508a68636fdcbf_240x180.jpg,"2008 г., 2.2 л., механика"
Mercedes-Benz Бортовой (4х4),$ 11 000,https://im.mashina.kg/tachka/images//2/1/8/21825568928aece2b07fb1e9b5962079_240x180.jpg,"2004 г., 2.2 л., механика"
ЗИЛ 5301,$ 3 250,https://im.mashina.kg/tachka/images//5/8/0/580d5b19fc249b5e43b92515e03acdd6_240x180.jpg,"1998 г., 4.7 л., механика"
Ford Transit,$ 4 643,https://im.mashina.kg/tachka/images//4/f/3/4f3446ab95bc5a1d9435b01ff10622b3_240x180.jpg,"2007 г., 2.4 л., механика"
Mercedes-Benz Бортовой (4х2),$ 5 800,https://im.mashina.kg/tachka/images//0/5/2/052e53e911bf25fcd7cff7bc1a1784e8_240x180.jpg,"1993 г., 2.3 л., механика"
Mercedes-Benz Междугородный,$ 9 285,https://im.mashina.kg/tachka/images//c/8/5/c8511cdb9e9c17ae30508a68636fdcbf_240x180.jpg,"2008 г., 2.2 л., механика"
Mercedes-Benz Бортовой (4х4),$ 11 000,https://im.mashina.kg/tachka/images//2/1/8/21825568928aece2b07fb1e9b5962079_240x180.jpg,"2004 г., 2.2 л., механика"
ЗИЛ 5301,$ 3 250,https://im.mashina.kg/tachka/images//5/8/0/580d5b19fc249b5e43b92515e03acdd6_240x180.jpg,"1998 г., 4.7 л., механика"
Ford Transit,$ 4 643,https://im.mashina.kg/tachka/images//4/f/3/4f3446ab95bc5a1d9435b01ff10622b3_240x180.jpg,"2007 г., 2.4 л., механика"
Mercedes-Benz Бортовой (4х2),$ 5 800,https://im.mashina.kg/tachka/images//0/5/2/052e53e911bf25fcd7cff7bc1a1784e8_240x180.jpg,"1993 г., 2.3 л., механика"
Mercedes-Benz Междугородный,$ 9 285,https://im.mashina.kg/tachka/images//c/8/5/c8511cdb9e9c17ae30508a68636fdcbf_240x180.jpg,"2008 г., 2.2 л., механика"
Mercedes-Benz Бортовой (4х4),$ 11 000,https://im.mashina.kg/tachka/images//2/1/8/21825568928aece2b07fb1e9b5962079_240x180.jpg,"2004 г., 2.2 л., механика"
ЗИЛ 5301,$ 3 250,https://im.mashina.kg/tachka/images//5/8/0/580d5b19fc249b5e43b92515e03acdd6_240x180.jpg,"1998 г., 4.7 л., механика"
Ford Transit,$ 4 643,https://im.mashina.kg/tachka/images//4/f/3/4f3446ab95bc5a1d9435b01ff10622b3_240x180.jpg,"2007 г., 2.4 л., механика"
